{
  "pressReleases": [
    {
      "title": "SOUNDFREAQ UNVEILS TWO NEW WIRELESS HOME SPEAKERS AND POCKET-SIZED BLUETOOTH SPEAKER AT CES 2014",
      "href": "CES-2014-press-release.pdf"
    },
    {
      "title": "SOUNDFREAQ LAUNCHES SOUND RISE, NEW MODERN WIRELESS BEDROOM SPEAKER AND ALARM CLOCK",
      "href": "sfq-08-sound-rise-press-release.pdf"
    },
    {
      "title": "SOUNDFREAQ DELIVERS EXCEPTIONAL SOUND, IN A COMPACT, PORTABLE DESIGN FOR THE HOME WITH SOUND SPOT",
      "href": "sfq-07-sound-spot-press-release.pdf"
    },
    {
      "title": "SOUNDFREAQ UNVEILS NEW LINE-UP FOR CES 2013, INCLUDING FIRST DUAL STREAMING BLUETOOTH SPEAKER, SOUND PLATFORM 2",
      "href": "sfq-06-sound-platform-2-press-release.pdf"
    },
    {
      "title": "SOUNDFREAQ \"KICKS\" OFF THE NEW YEAR AT CES 2012 WITH A NEW PORTABLE, WIRELESS SPEAKER, SOUND KICK",
      "href": "sfq-04-sound-kick-press-release.pdf"
    }
  ]
}